PDB,Method,Resolution,Date,SSBond,Link,Pep_chains,Prot_chains,Pep_lengths,Prot_lengths,Note,Format
1vs2,X-ray,2.0,1986-10-21,B3-B7,B1-B8,B,A,8,A:8,UAA,pdb
1vtg,X-ray,1.67,1988-08-18,B3-B7,B1-B8,B,A,8,A:6,UAA,pdb
2rmc,X-ray,1.64,1994-01-07,,B1-B11;D1-D11;F1-F11;H1-H11,BDFH,ACEG,11,A:182;C:182;E:182;G:182,UAA,pdb
2rmb,X-ray,2.1,1994-01-07,,B1-B11;D1-D11;F1-F11;H1-H11;J1-J11;L1-L11;N1-N11;P1-P11;R1-R11;T1-T11,BDFHJLNPRT,ACEGIKMOQS,11,A:165;C:165;E:165;G:165;I:165;K:165;M:165;O:165;Q:165;S:165,UAA,pdb
2rma,X-ray,2.1,1994-01-07,,B1-B11;D1-D11;F1-F11;H1-H11;J1-J11;L1-L11;N1-N11;P1-P11;R1-R11;T1-T11,BDFHJLNPRT,ACEGIKMOQS,11,A:165;C:165;E:165;G:165;I:165;K:165;M:165;O:165;Q:165;S:165,UAA,pdb
1cyn,X-ray,1.85,1995-05-22,,C1-C11,C,A,11,A:178,UAA,pdb
1cwb,X-ray,2.2,1995-09-06,,C1-C11,C,A,11,A:165,UAA,pdb
1cwc,X-ray,1.86,1995-09-06,,C1-C11,C,A,11,A:165,UAA,pdb
1cwa,X-ray,2.1,1995-09-06,,C1-C11,C,A,11,A:165,UAA,pdb
1mik,X-ray,1.76,1995-09-20,,B1-B11,B,A,11,A:165,UAA,pdb
1fjm,X-ray,2.1,1995-12-17,,M1-M7;N1-N7,MN,AB,7,A:330;B:330,UAA,pdb
284d,X-ray,1.1,1996-09-11,,A1-A8,A,B,8,B:8,UAA,pdb
1bck,X-ray,1.8,1998-04-30,,C1-C11,C,A,11,A:165,UAA,pdb
1cwf,X-ray,1.86,1998-04-30,,C1-C11,C,A,11,A:165,UAA,pdb
1cwh,X-ray,1.86,1998-05-07,,C1-C11,C,A,11,A:165,UAA,pdb
1cwj,X-ray,1.8,1998-05-25,,C1-C11,C,A,11,A:165,UAA,pdb
1cwi,X-ray,1.9,1998-05-25,,C1-C11,C,A,11,A:165,UAA,pdb
1cwl,X-ray,1.8,1998-05-26,,C1-C11,C,A,11,A:165,UAA,pdb
1cwm,X-ray,2.0,1998-05-26,,C1-C11,C,A,11,A:165,UAA,pdb
1cwk,X-ray,1.8,1998-05-26,,C1-C11,C,A,11,A:165,UAA,pdb
1cwo,X-ray,1.86,1998-06-05,,C1-C11,C,A,11,A:165,UAA,pdb
2f58,X-ray,2.8,1998-10-23,,P1-P11,P,HL,11,H:228;L:216,UAA,pdb
1sfi,X-ray,1.65,1998-12-16,I3-I11,I1-I14,I,A,14,A:223,UAA,pdb
1c5f,X-ray,2.47,1999-11-22,,B1-B11;D1-D11;F1-F11;H1-H11;J1-J11;L1-L11;N1-N11;P1-P11,BDFHJLNP,ACEGIKMO,11,A:177;C:177;E:177;G:177;I:177;K:177;M:177;O:177,UAA,pdb
1ehl,X-ray,2.4,2000-02-21,,A1-A2;A1-A2,A,HL,2,H:219;L:217,UAA,pdb
1k83,X-ray,2.8,2001-10-22,,M1-M8,M,ABCEFHIJKL,8,A:1733;B:1224;C:318;E:215;F:155;H:146;I:122;J:70;K:120;L:70,UAA,pdb
1h0g,X-ray,2.0,2002-06-19,,C1-C5;D1-D5,CD,AB,5,A:499;B:499,UAA,pdb
1h0i,X-ray,2.0,2002-06-19,,C1-C5;D1-D5,CD,AB,5,A:499;B:499,UAA,pdb
1m63,X-ray,2.8,2002-07-12,,D1-D11;H1-H11,DH,ABCEFG,11,A:372;B:169;C:165;E:372;F:169;G:165,UAA,pdb
1mf8,X-ray,3.1,2002-08-09,,D1-D11,D,ABC,11,A:373;B:170;C:165,UAA,pdb
1pfe,X-ray,1.1,2003-05-26,,B1-B8,B,A,8,A:8,UAA,pdb
1tk2,X-ray,1.54,2004-06-08,,B1-B10,B,A,10,A:269,UAA,pdb
1xq7,X-ray,2.07,2004-10-11,,D1-D11;E1-E11;F1-F11,DEF,ABC,11,A:166;B:166;C:166,UAA,pdb
1xvn,X-ray,1.5,2004-10-28,,B1-B8,B,A,8,A:8,UAA,pdb
1xvk,X-ray,1.26,2004-10-28,,B1-B8,B,A,8,A:8,UAA,pdb
1xvr,X-ray,1.4,2004-10-28,,D1-D8;E1-E8,DE,AC,8,A:6;C:6,UAA,pdb
2adw,X-ray,1.6,2005-07-21,,H1-H8;I1-I8;J1-J8;K1-K8,HIJK,ACEG,8,A:8;C:8;E:8;G:8,UAA,pdb
2bcd,X-ray,2.1,2005-10-19,,B1-B5,B,A,5,A:323,UAA,pdb
2bdx,X-ray,2.3,2005-10-21,,B1-B7,B,A,7,A:323,UAA,pdb
2esl,X-ray,1.9,2005-10-26,,I1-I11;J1-J11;K1-K11;L1-L11;M1-M11;N1-N11,IJKLMN,ABCDEF,11,A:190;B:190;C:190;D:190;E:190;F:190,UAA,pdb
2iae,X-ray,3.5,2006-09-07,,M1-M7;N1-N7,MN,ABCDEF,7,A:589;B:407;C:309;D:589;E:407;F:309,UAA,pdb
2ie3,X-ray,2.8,2006-09-17,,I1-I7,I,AC,7,A:589;C:309,UAA,pdb
2npp,X-ray,3.3,2006-10-28,,X1-X7;Y1-Y7,XY,ABCDEF,7,A:589;B:449;C:309;D:589;E:449;F:309,UAA,pdb
2nyl,X-ray,3.8,2006-11-20,,G1-G7;H1-H7,GH,ABCDEF,7,A:582;B:388;C:293;D:582;E:388;F:293,UAA,pdb
2nym,X-ray,3.6,2006-11-21,,G1-G7;H1-H7,GH,ABCDEF,7,A:582;B:388;C:293;D:582;E:388;F:293,UAA,pdb
2oju,X-ray,2.4,2007-01-14,,C1-C11;D1-D11,CD,AB,11,A:167;B:167,UAA,pdb
2poy,X-ray,1.8,2007-04-27,,T1-T11;U1-U11;V1-V11,TUV,ABC,11,A:186;B:186;C:186,UAA,pdb
2z6w,X-ray,0.96,2007-08-09,,M1-M11;N1-N11,MN,AB,11,A:165;B:165,UAA,pdb
3bo7,X-ray,2.35,2007-12-17,,E1-E11;F1-F11;G1-G11;H1-H11,EFGH,ABCD,11,A:201;B:201;C:201;D:201,UAA,pdb
3cqz,X-ray,2.8,2008-04-03,,M1-M8,M,ABCEFHIJKL,8,A:1733;B:1224;C:318;E:215;F:155;H:146;I:122;J:70;K:120;L:70,UAA,pdb
2vum,X-ray,3.4,2008-05-27,,M1-M8,M,ABCDEFGHIJKLNPT,8,A:1733;B:1224;C:318;D:221;E:215;F:155;G:171;H:146;I:122;J:70;K:120;L:70;N:14;P:11;T:26,UAA,pdb
3dw8,X-ray,2.85,2008-07-21,,G1-G7;H1-H7,GH,ABCDEF,7,A:582;B:447;C:309;D:582;E:447;F:309,UAA,pdb
3e7a,X-ray,1.63,2008-08-18,,C1-C5;D1-D5,CD,AB,5,A:299;B:299,UAA,pdb
3egh,X-ray,2.0,2008-09-10,,E1-E5;F1-F5,EF,ABCD,5,A:329;B:329;C:170;D:170,UAA,pdb
3eov,X-ray,2.6,2008-09-29,,C1-C11;D1-D11,CD,AB,11,A:172;B:172,UAA,pdb
3fga,X-ray,2.7,2008-12-05,,E1-E7,E,ABCD,7,A:588;B:403;C:309;D:47,UAA,pdb
3go3,X-ray,1.1,2009-03-18,,C1-C8;D1-D8,CD,AB,8,A:8;B:8,UAA,pdb
2wfj,X-ray,0.75,2009-04-06,,B1-B11,B,A,11,A:179,UAA,pdb
2x2c,X-ray,2.41,2010-01-12,,B1-B11;F1-F11;L1-L11;P1-P11;R1-R11,BFLPR,KMOQS,11,K:165;M:165;O:165;Q:165;S:165,UAA,pdb
2x7k,X-ray,1.15,2010-03-01,,B1-B11,B,A,11,A:166,UAA,pdb
3n84,X-ray,2.0,2010-05-27,,G1-G6;H1-H6;I1-I6;J1-J6;K1-K6;L1-L6,GHIJKL,ABCDEF,6,A:112;B:112;C:112;D:112;E:112;F:112,UAA,pdb
3n7y,X-ray,2.02,2010-05-27,,D1-D5;E1-E5;F1-F5,DEF,ABC,5,A:98;B:98;C:98,UAA,pdb
3odi,X-ray,2.2,2010-08-11,,B1-B11;D1-D11;F1-F11;H1-H11;J1-J11;L1-L11;N1-N11;P1-P11;R1-R11;T1-T11,BDFHJLNPRT,ACEGIKMOQS,11,A:165;C:165;E:165;G:165;I:165;K:165;M:165;O:165;Q:165;S:165,UAA,pdb
3odl,X-ray,2.31,2010-08-11,,B1-B11;D1-D11;F1-F11;H1-H11;J1-J11;L1-L11;N1-N11;P1-P11;R1-R11;T1-T11,BDFHJLNPRT,ACEGIKMOQS,11,A:165;C:165;E:165;G:165;I:165;K:165;M:165;O:165;Q:165;S:165,UAA,pdb
3p8f,X-ray,2.0,2010-10-13,I3-I11,I1-I14,I,A,14,A:241,UAA,pdb
3pmp,X-ray,1.47,2010-11-17,,C1-C11;D1-D11,CD,AB,11,A:164;B:164,UAA,pdb
3pqz,X-ray,2.41,2010-11-29,,L1-L11;M1-M11,LM,ABCD,11,A:117;B:117;C:117;D:117,UAA,pdb
3av9,X-ray,1.7,2011-03-02,,X1-X8;Y1-Y8,XY,AB,8,A:183;B:183,UAA,pdb
3avb,X-ray,1.85,2011-03-02,,X1-X8;Y1-Y8,XY,AB,8,A:183;B:183,UAA,pdb
3ava,X-ray,1.7,2011-03-02,,X1-X8;Y1-Y8,XY,AB,8,A:183;B:183,UAA,pdb
3avi,X-ray,1.7,2011-03-05,,D1-D8;F1-F8,DF,AB,8,A:183;B:183,UAA,pdb
3avh,X-ray,1.88,2011-03-05,,E1-E8;F1-F8,EF,AB,8,A:183;B:183,UAA,pdb
3avg,X-ray,1.7,2011-03-05,,D1-D8;F1-F8,DF,AB,8,A:183;B:183,UAA,pdb
3avn,X-ray,2.1,2011-03-05,,G1-G8;H1-H8,GH,AB,8,A:183;B:183,UAA,pdb
3avj,X-ray,1.7,2011-03-05,,D1-D8;F1-F8,DF,AB,8,A:183;B:183,UAA,pdb
3avf,X-ray,1.7,2011-03-05,,D1-D8;F1-F8,DF,AB,8,A:180;B:180,UAA,pdb
3avk,X-ray,1.75,2011-03-05,,D1-D8;F1-F8,DF,AB,8,A:183;B:183,UAA,pdb
3avl,X-ray,1.88,2011-03-05,,F1-F8;E1-E8,EF,AB,8,A:183;B:183,UAA,pdb
3avm,X-ray,1.88,2011-03-05,,D1-D8;F1-F8,DF,AB,8,A:183;B:183,UAA,pdb
3rqd,X-ray,2.14,2011-04-28,,C1-C5;D1-D5,CD,AB,5,A:389;B:389,UAA,pdb
3u4w,X-ray,1.9,2011-10-10,,B1-B5,B,A,5,A:275,UAA,pdb
4dgc,X-ray,2.65,2012-01-25,,F1-F11;G1-G11;H1-H11;I1-I11;J1-J11,FGHIJ,ABCDE,11,A:165;B:165;C:165;D:165;E:165,UAA,pdb
4fn5,X-ray,2.9,2012-06-19,,B1-B8,B,A,8,A:709,UAA,pdb
4hy7,X-ray,1.2,2012-11-13,,B1-B11,B,A,11,A:171,UAA,pdb
4i5n,X-ray,2.8,2012-11-28,,G1-G7;H1-H7,GH,ABCDEF,7,A:584;B:413;C:311;D:584;E:413;F:311,UAA,pdb
4i5l,X-ray,2.43,2012-11-28,,G1-G7;H1-H7,GH,ABCDEF,7,A:584;B:413;C:311;D:584;E:413;F:311,UAA,pdb
4ipz,X-ray,1.67,2013-01-10,,B1-B11,B,A,11,A:165,UAA,pdb
4jjm,X-ray,2.09,2013-03-08,,E1-E11;F1-F11,EF,AB,11,A:175;B:175,UAA,pdb
4jna,X-ray,2.0,2013-03-14,,H1-H5;I1-I5,HI,AB,5,A:340;B:340,UAA,pdb
4jzu,X-ray,1.7,2013-04-03,,C1-C2,C,AB,2,A:158;B:158,UAA,pdb
4jzv,X-ray,2.2,2013-04-03,,C1-C2,C,AB,2,A:158;B:158,UAA,pdb
4k1e,X-ray,1.3,2013-04-04,B3-B11,B1-B14,B,A,14,A:223,UAA,pdb
4k8y,X-ray,1.0,2013-04-19,B3-B11,B1-B14,B,A,14,A:223,NAA,pdb
4kel,X-ray,1.15,2013-04-25,B3-B11,B1-B14,B,A,14,A:223,NAA,pdb
3wdc,X-ray,1.18,2013-06-14,,B1-B7,B,A,7,A:153,UAA,pdb
3wdd,X-ray,1.18,2013-06-14,,B1-B7,B,A,7,A:153,UAA,pdb
3wde,X-ray,1.44,2013-06-14,,B1-B7,B,A,7,A:153,UAA,pdb
4mq9,X-ray,3.35,2013-09-16,,I1-I7,I,ABCDEF,7,A:314;B:314;C:1119;D:1524;E:99;F:443,UAA,pdb
4nec,X-ray,1.5,2013-10-29,,E1-E8;F1-F8;G1-G8;H1-H8,EFGH,ABCD,8,A:264;B:264;C:264;D:264,UAA,pdb
4v9r,X-ray,3.0,2013-12-05,,AW1-AW10;CW1-CW10,AWCW,AAABACADAEAFAGAHAIAJAKALAMANAOAPAQARASATAUAVAXB0B1B2B3B4B5B6B7B8B9BABBBDBEBFBGBHBIBNBOBPBQBRBSBTBUBVBWBXBYBZCACBCCCDCECFCGCHCICJCKCLCMCNCOCPCQCRCSCTCUCVCXD0D1D2D3D4D5D6D7D8D9DADBDDDEDFDGDHDIDNDODPDQDRDSDTDUDVDWDXDYDZ,10,AA:1522;AB:256;AC:239;AD:209;AE:162;AF:101;AG:156;AH:138;AI:128;AJ:105;AK:129;AL:132;AM:126;AN:61;AO:89;AP:88;AQ:105;AR:88;AS:93;AT:106;AU:27;AV:24;AX:77;B0:85;B1:98;B2:72;B3:60;B4:71;B5:60;B6:54;B7:49;B8:65;B9:37;BA:2915;BB:122;BD:276;BE:206;BF:210;BG:182;BH:180;BI:148;BN:140;BO:122;BP:150;BQ:141;BR:118;BS:112;BT:146;BU:118;BV:101;BW:113;BX:96;BY:110;BZ:206;CA:1522;CB:256;CC:239;CD:209;CE:162;CF:101;CG:156;CH:138;CI:128;CJ:105;CK:129;CL:132;CM:126;CN:61;CO:89;CP:88;CQ:105;CR:88;CS:93;CT:106;CU:27;CV:24;CX:77;D0:85;D1:98;D2:72;D3:60;D4:71;D5:60;D6:54;D7:49;D8:65;D9:37;DA:2915;DB:122;DD:276;DE:206;DF:210;DG:182;DH:180;DI:148;DN:140;DO:122;DP:150;DQ:141;DR:118;DS:112;DT:146;DU:118;DV:101;DW:113;DX:96;DY:110;DZ:206,UAA,mmCIF
4v9s,X-ray,3.1,2013-12-05,,AW1-AW10;CW1-CW10,AWCW,AAABACADAEAFAGAHAIAJAKALAMANAOAPAQARASATAUAVAXB0B1B2B3B4B5B6B7B8B9BABBBDBEBFBGBHBIBNBOBPBQBRBSBTBUBVBWBXBYBZCACBCCCDCECFCGCHCICJCKCLCMCNCOCPCQCRCSCTCUCVCXD0D1D2D3D4D5D6D7D8D9DADBDDDEDFDGDHDIDNDODPDQDRDSDTDUDVDWDXDYDZ,10,AA:1522;AB:256;AC:239;AD:209;AE:162;AF:101;AG:156;AH:138;AI:128;AJ:105;AK:129;AL:132;AM:126;AN:61;AO:89;AP:88;AQ:105;AR:88;AS:93;AT:106;AU:27;AV:24;AX:77;B0:85;B1:98;B2:72;B3:60;B4:71;B5:60;B6:54;B7:49;B8:65;B9:37;BA:2915;BB:122;BD:276;BE:206;BF:210;BG:182;BH:180;BI:148;BN:140;BO:122;BP:150;BQ:141;BR:118;BS:112;BT:146;BU:118;BV:101;BW:113;BX:96;BY:110;BZ:206;CA:1522;CB:256;CC:239;CD:209;CE:162;CF:101;CG:156;CH:138;CI:128;CJ:105;CK:129;CL:132;CM:126;CN:61;CO:89;CP:88;CQ:105;CR:88;CS:93;CT:106;CU:27;CV:24;CX:77;D0:85;D1:98;D2:72;D3:60;D4:71;D5:60;D6:54;D7:49;D8:65;D9:37;DA:2915;DB:122;DD:276;DE:206;DF:210;DG:182;DH:180;DI:148;DN:140;DO:122;DP:150;DQ:141;DR:118;DS:112;DT:146;DU:118;DV:101;DW:113;DX:96;DY:110;DZ:206,UAA,mmCIF
3wng,X-ray,1.75,2013-12-09,,C1-C6;D1-D6,CD,AB,6,A:157;B:157,UAA,pdb
3wne,X-ray,1.7,2013-12-09,,C1-C6;D1-D6,CD,AB,6,A:157;B:157,UAA,pdb
3wnh,X-ray,1.5,2013-12-10,,C1-C6;D1-D6,CD,AB,6,A:157;B:157,UAA,pdb
4oin,X-ray,2.8,2014-01-20,,I1-I7,I,ABCDEFGH,7,A:315;B:315;C:1119;D:1524;E:99;F:443;G:19;H:27,UAA,pdb
4oip,X-ray,3.4,2014-01-20,,I1-I7,I,ABCDEFGH,7,A:315;B:315;C:1119;D:1524;E:99;F:443;G:21;H:27,UAA,pdb
4oiq,X-ray,3.62,2014-01-20,,I1-I7,I,ABCDEFGH,7,A:315;B:315;C:1119;D:1524;E:99;F:443;G:21;H:27,UAA,pdb
4oir,X-ray,3.11,2014-01-20,,I1-I7,I,ABCDEFGH,7,A:305;B:305;C:1119;D:1524;E:99;F:443;G:21;H:27,UAA,pdb
4q9i,X-ray,3.78,2014-05-01,,B1-B6;B1-B6;C1-C6;C1-C6,BC,A,6,A:1284,UAA,pdb
4q9k,X-ray,3.8,2014-05-01,,B1-B6;B1-B6,B,A,6,A:1284,UAA,pdb
4q9l,X-ray,3.8,2014-05-01,,B1-B6;B1-B6;C1-C6;C1-C6,BC,A,6,A:1284,UAA,pdb
4q9j,X-ray,3.6,2014-05-01,,C1-C6;C1-C6;D1-D6;D1-D6;B1-B6;B1-B6,BCD,A,6,A:1284,UAA,pdb
4tot,X-ray,2.39,2014-06-06,,E1-E11;F1-F11;G1-G11;H1-H11,EFGH,ABCD,11,A:165;B:165;C:165;D:165,UAA,pdb
4wqu,X-ray,2.8,2014-10-22,,BX1-BX10;DX1-DX10,BXDX,A0A1A2A3A4A5A6A7A8A9AAABACADAEAFAGAHAKALANAOAPAQARASATAUAVAWAXAYAZBABBBCBDBEBFBGBHBIBJBKBLBMBNBOBPBQBRBSBTBUBVBWBYBZC0C1C2C3C4C5C6C7C8C9CACBCCCDCECFCGCHCKCLCNCOCPCQCRCSCTCUCVCWCXCYCZDADBDCDDDEDFDGDHDIDJDKDLDMDNDODPDQDRDSDTDUDVDWDYDZ,10,A0:85;A1:98;A2:72;A3:60;A4:71;A5:60;A6:54;A7:49;A8:65;A9:37;AA:2915;AB:121;AC:228;AD:276;AE:206;AF:210;AG:182;AH:180;AK:173;AL:147;AN:140;AO:122;AP:150;AQ:141;AR:118;AS:112;AT:146;AU:118;AV:101;AW:113;AX:96;AY:110;AZ:206;BA:1521;BB:256;BC:239;BD:209;BE:162;BF:101;BG:156;BH:138;BI:128;BJ:105;BK:129;BL:132;BM:126;BN:61;BO:89;BP:88;BQ:105;BR:88;BS:93;BT:106;BU:27;BV:18;BW:76;BY:76;BZ:758;C0:85;C1:98;C2:72;C3:60;C4:71;C5:60;C6:54;C7:49;C8:65;C9:37;CA:2915;CB:121;CC:228;CD:276;CE:206;CF:210;CG:182;CH:180;CK:173;CL:147;CN:140;CO:122;CP:150;CQ:141;CR:118;CS:112;CT:146;CU:118;CV:101;CW:113;CX:96;CY:110;CZ:206;DA:1521;DB:256;DC:239;DD:209;DE:162;DF:101;DG:156;DH:138;DI:128;DJ:105;DK:129;DL:132;DM:126;DN:61;DO:89;DP:88;DQ:105;DR:88;DS:93;DT:106;DU:27;DV:18;DW:76;DY:76;DZ:758,UAA,mmCIF
4x6s,X-ray,2.55,2014-12-09,,L1-L11;M1-M11,LM,AB,11,A:107;B:107,UAA,pdb
4y1d,X-ray,1.93,2015-02-07,,D1-D6,D,AB,6,A:167;B:167,UAA,pdb
4yv9,X-ray,1.95,2015-03-19,,E1-E11;F1-F11;G1-G11;H1-H11,EFGH,ABCD,11,A:284;B:284;C:284;D:284,UAA,pdb
5a0e,X-ray,1.25,2015-04-19,,C1-C11;E1-E11,CE,AB,11,A:165;B:165,UAA,pdb
4zqw,X-ray,2.0,2015-05-11,,A1-A13;C1-C13,AC,BD,13,B:177;D:177,UAA,pdb
5bmm,X-ray,2.5,2015-05-22,,C1-C5;D1-D5,CD,AB,5,A:286;B:286,UAA,pdb
5cs2,X-ray,1.65,2015-07-23,,B1-B7;B1-B7,B,A,7,A:201,UAA,pdb
5eeq,X-ray,1.6,2015-10-23,,L1-L11;M1-M11,LM,AB,11,A:120;B:120,UAA,pdb
5efj,X-ray,1.73,2015-10-23,,F1-F4,F,D,4,D:364,UAA,pdb
5eel,X-ray,2.47,2015-10-23,,L1-L9;M1-M9;N1-N9;Q1-Q9;R1-R9,LMNQR,ABCDEFP,9,A:120;B:120;C:120;D:120;E:120;F:120;P:9,UAA,pdb
5esq,X-ray,2.55,2015-11-16,,F1-F12,F,ABCDE,12,A:213;B:221;C:213;D:221;E:12,UAA,pdb
5hsv,X-ray,1.5,2016-01-26,,E1-E11;F1-F11;G1-G11;H1-H11,EFGH,ABCD,11,A:168;B:168;C:168;D:168,UAA,pdb
5i2i,X-ray,2.55,2016-02-08,,E1-E12;F1-F12,EF,ABCD,12,A:213;B:221;C:213;D:221,UAA,pdb
5icz,X-ray,2.55,2016-02-23,,E1-E12;F1-F12,EF,ABCD,12,A:213;B:221;C:213;D:221,UAA,pdb
5iop,X-ray,2.5,2016-03-08,,E1-E12;F1-F12,EF,ABCD,12,A:213;B:221;C:213;D:221,UAA,pdb
5ir1,X-ray,2.48,2016-03-11,,E1-E12;F1-F12,EF,ABCD,12,A:213;B:221;C:213;D:221,UAA,pdb
5iv2,X-ray,2.48,2016-03-18,,E1-E12;F1-F12,EF,ABCD,12,A:213;B:221;C:213;D:221,UAA,pdb
5ivz,X-ray,2.48,2016-03-21,,E1-E12;F1-F12,EF,ABCD,12,A:213;B:221;C:213;D:221,UAA,pdb
5jpf,X-ray,2.4,2016-05-03,,M1-M7,M,A,7,A:317,UAA,pdb
5tyi,X-ray,2.15,2016-11-20,,L1-L9;M1-M9;N1-N9;P1-P9,LMNP,ABCD,9,A:120;B:120;C:120;D:120,UAA,pdb
5u06,X-ray,2.1,2016-11-22,,L1-L9;M1-M9;N1-N9;P1-P9,LMNP,ABCD,9,A:120;B:120;C:120;D:120,UAA,pdb
5u1q,X-ray,2.1,2016-11-28,,M1-M9;N1-N9;P1-P9,MNP,ABCDL,9,A:120;B:120;C:120;D:120;L:9,UAA,pdb
5vi6,X-ray,1.24,2017-04-14,,B1-B4,B,A,4,A:372,UAA,pdb
5xn3,X-ray,1.34,2017-05-17,,B1-B8,B,A,8,A:209,NAA,pdb
6ayn,X-ray,2.48,2017-09-08,,F1-F11,F,ABCDE,11,A:213;B:221;C:213;D:221;E:11,UAA,pdb
6azk,X-ray,2.48,2017-09-11,,E1-E11;F1-F11,EF,ABCD,11,A:213;B:221;C:213;D:221,UAA,pdb
6b67,X-ray,2.2,2017-10-01,,D1-D7;E1-E7;F1-F7,DEF,ABC,7,A:296;B:296;C:296,UAA,pdb
5yty,X-ray,1.58,2017-11-20,D3-D7;F3-F7,D1-D8;F1-F8,DF,AB,8,A:7;B:7,UAA,pdb
5ytz,X-ray,1.55,2017-11-20,,D1-D8;F1-F8,DF,AB,8,A:7;B:7,UAA,pdb
6cn8,X-ray,1.4,2018-03-07,,B1-B7,B,A,7,A:158,UAA,pdb
6dn6,X-ray,1.59,2018-06-06,,B1-B5,B,A,5,A:217,UAA,pdb
6dno,X-ray,1.45,2018-06-07,,C1-C7,C,AB,7,A:299;B:30,UAA,pdb
6a1q,X-ray,2.5,2018-06-07,,F1-F4,F,ABCDE,4,A:4;B:4;C:4;D:4;E:4,UAA,pdb
6e0o,X-ray,1.25,2018-07-06,,C1-C2;B1-B2,BC,A,2,A:292,UAA,pdb
6m7k,X-ray,1.1,2018-08-20,,B1-B3,B,A,3,A:321,UAA,pdb
6mdx,X-ray,1.55,2018-09-05,,D1-D2;D1-D2;D1-D2;D1-D2;D1-D2;D1-D2;D1-D2;D1-D2,D,A,2,A:185,UAA,pdb
6idg,X-ray,2.0,2018-09-10,,A1-A2;A1-A2,A,HL,2,H:221;L:217,UAA,pdb
6hmz,X-ray,1.98,2018-09-13,,A1-A11,A,X,11,X:180,UAA,pdb
6n7q,X-ray,2.1,2018-11-28,C1-C1,C1-C13,C,A,13,A:336,NAA,pdb
6qev,X-ray,2.7,2019-01-08,,D1-D15,D,B,15,B:1357,UAA,pdb
6qfk,X-ray,2.0,2019-01-10,,B1-B15,B,A,15,A:1357,UAA,pdb
6o75,X-ray,2.6,2019-03-07,,C1-C2;D1-D2,CD,AB,2,A:791;B:289,UAA,pdb
6o6v,X-ray,2.35,2019-03-07,,C1-C4;D1-D4,CD,AB,4,A:440;B:440,UAA,pdb
6o71,X-ray,2.55,2019-03-07,,C1-C4;D1-D4,CD,AB,4,A:440;B:440,UAA,pdb
6o6x,X-ray,2.11,2019-03-07,,C1-C4;D1-D4,CD,AB,4,A:440;B:440,UAA,pdb
6o79,X-ray,3.0,2019-03-07,,C1-C3,C,AB,3,A:791;B:289,UAA,pdb
6obq,X-ray,1.84,2019-03-21,,C1-C7;D1-D7,CD,AB,7,A:299;B:299,UAA,pdb
6obr,X-ray,1.5,2019-03-21,,D1-D7;E1-E7,DE,AB,7,A:299;B:299,UAA,pdb
6obu,X-ray,1.95,2019-03-21,,C1-C7;D1-D7,CD,AB,7,A:299;B:299,UAA,pdb
6ryo,X-ray,1.92,2019-06-11,,B1-B5,B,A,5,A:187,UAA,pdb
6kdi,X-ray,2.7,2019-07-02,,A1-A2,A,HL,2,H:221;L:218,UAA,pdb
6q1u,X-ray,2.35,2019-08-06,,C1-C14;D1-D14,CD,AB,14,A:249;B:249,UAA,pdb
6u22,X-ray,1.42,2019-08-19,,C1-C14,C,A,14,A:223,UAA,pdb
6ugc,X-ray,0.9,2019-09-26,,A1-A9;B1-B9;C1-C9;D1-D9;E1-E9;F1-F9;G1-G9;H1-H9,ABCDEFGH,IJK,9,I:9;J:9;K:9,UAA,pdb
6yud,X-ray,1.84,2020-04-27,,Q1-Q4,Q,ABCDEFGHIJKMOP,4,A:111;B:111;C:111;D:111;E:111;F:111;G:111;H:111;I:111;J:111;K:4;M:4;O:4;P:4,UAA,pdb
6wsj,X-ray,1.7,2020-05-01,,I1-I8,I,A,8,A:364,UAA,pdb
6wxx,X-ray,3.0,2020-05-12,,Y1-Y4;X1-X4,XY,ABCD,4,A:382;B:382;C:382;D:382,UAA,pdb
6wxy,X-ray,2.1,2020-05-12,,A1-A6,A,BC,6,B:382;C:382,UAA,pdb
6xci,X-ray,1.6,2020-06-08,,H1-H8,H,AB,8,A:248;B:248,UAA,pdb
6xic,X-ray,1.38,2020-06-19,,I1-I9,I,AB,9,A:121;B:308,UAA,pdb
6xie,X-ray,1.43,2020-06-19,,I1-I9,I,AB,9,A:122;B:308,UAA,pdb
6xif,X-ray,1.77,2020-06-19,,I1-I9,I,AB,9,A:122;B:308,UAA,pdb
6xl1,X-ray,1.95,2020-06-27,,C1-C4,C,AB,4,A:382;B:382,UAA,pdb
7ar4,X-ray,2.600,2020-10-23,,PaP1-PaP16,PaP,AAA,16,AAA:536,UAA,mmCIF
7dq8,X-ray,2.4,2020-12-22,D3-D7,D1-D8,D,ABC,8,A:7;B:7;C:11,UAA,pdb
7dq0,X-ray,2.0,2020-12-22,D3-D7,D1-D8,D,ABC,8,A:7;B:7;C:11,UAA,pdb
7o55,X-ray,1.95,2021-04-07,,C1-C6,C,AB,6,A:53;B:178,UAA,pdb
7obv,X-ray,1.3,2021-04-23,,D1-D6,D,AB,6,A:53;B:178,UAA,pdb
7oc2,X-ray,1.5,2021-04-25,,D1-D5,D,AB,5,A:53;B:178,UAA,pdb
7mp3,X-ray,2.55,2021-05-04,,L1-L11;N1-N11,LN,ABCD,11,A:120;B:120;C:120;D:120,UAA,pdb
7pcj,X-ray,1.9100,2021-08-03,,B1-B11;E1-E11,BE,ACDF,11,A:165;C:7;D:165;F:7,UAA,mmCIF
7pfq,X-ray,1.45,2021-08-11,,D1-D6,D,AB,6,A:53;B:178,UAA,pdb
7pfy,X-ray,1.38,2021-08-12,,D1-D6,D,AB,6,A:53;B:178,UAA,pdb
7pg1,X-ray,1.95,2021-08-12,,D1-D6,D,AB,6,A:53;B:178,UAA,pdb
7pfz,X-ray,1.45,2021-08-12,,C1-C5,C,AB,5,A:53;B:178,UAA,pdb
7pgc,X-ray,1.55,2021-08-13,,C1-C5,C,AB,5,A:53;B:178,UAA,pdb
7s5g,X-ray,2.04,2021-09-10,,C1-C9,C,AB,9,A:122;B:308,UAA,pdb
7s5h,X-ray,1.27,2021-09-10,,C1-C9,C,AB,9,A:122;B:308,UAA,pdb
7tl8,X-ray,1.95,2022-01-18,,B1-B15,B,A,15,A:511,UAA,pdb
7tm1,X-ray,1.1,2022-01-19,,C1-C11,C,AB,11,A:11;B:11,UAA,pdb
7u60,X-ray,2.55,2022-03-03,,M1-M5;N1-N5,MN,ABCDEFHL,5,A:455;B:471;C:455;D:471;E:216;F:214;H:216;L:214,UAA,pdb
7x6r,X-ray,1.89,2022-03-08,D3-D7,D1-D8,D,ABC,8,A:7;B:7;C:11,UAA,pdb
7u9k,X-ray,2.0,2022-03-10,,F1-F2,F,AB,2,A:364;B:364,UAA,pdb
7x9f,X-ray,2.96,2022-03-15,,G1-G8;C1-C8,CG,ABDFHO,8,A:11;B:7;D:7;F:7;H:11;O:7,UAA,pdb
7x97,X-ray,1.95,2022-03-15,,G1-G8,G,ABC,8,A:7;B:7;C:11,UAA,pdb
7xdj,X-ray,2.44,2022-03-27,,L1-L8;P1-P8;D1-D8;H1-H8,DHLP,ABCEFGIJKMNO,8,A:7;B:7;C:11;E:7;F:7;G:11;I:7;J:7;K:11;M:7;N:7;O:11,UAA,pdb
7zwk,X-ray,2.0,2022-05-19,,C1-C7,C,AB,7,A:53;B:178,UAA,pdb
8ad9,X-ray,1.43,2022-07-08,,C1-C7;D1-D7,CD,AB,7,A:165;B:165,UAA,pdb
8aqb,X-ray,1.28,2022-08-11,,C1-C5,C,AB,5,A:53;B:178,UAA,pdb
8aqa,X-ray,1.35,2022-08-11,,C1-C5,C,AB,5,A:53;B:178,UAA,pdb
8aqk,X-ray,1.2,2022-08-12,,C1-C5,C,AB,5,A:53;B:178,UAA,pdb
7yv1,X-ray,1.45,2022-08-18,,I1-I11,I,AHL,11,A:179;H:225;L:214,UAA,pdb
7yuz,X-ray,1.88,2022-08-18,,I1-I11,I,A,11,A:179,UAA,pdb
8b58,X-ray,1.1,2022-09-22,,C1-C11;D1-D11,CD,AB,11,A:211;B:211,UAA,pdb
8eqi,X-ray,2.0,2022-10-07,,F1-F8;G1-G8,FG,AB,8,A:364;B:364,UAA,pdb
8be7,X-ray,3.0,2022-10-21,,P1-P9,P,RS,9,R:186;S:507,UAA,pdb
8be8,X-ray,2.4,2022-10-21,,P1-P9,P,RS,9,R:186;S:507,UAA,pdb
8be9,X-ray,2.51,2022-10-21,,P1-P9,P,RS,9,R:186;S:507,UAA,pdb
8bea,X-ray,2.47,2022-10-21,,P1-P7,P,RS,7,R:186;S:507,UAA,pdb
8fif,X-ray,2.35,2022-12-16,,D1-D7;F1-F7;G1-G7,DFG,ABC,7,A:129;B:129;C:129,UAA,pdb
8fpo,X-ray,3.0,2023-01-05,,C1-C9,C,AB,9,A:152;B:540,UAA,pdb
8j3s,X-ray,3.09,2023-04-18,,E1-E13;F1-F13;G1-G13,EFG,ABCD,13,A:263;B:263;C:263;D:263,UAA,pdb
8jjs,X-ray,1.53,2023-05-31,,I1-I11,I,A,11,A:179,UAA,pdb
8pxz,X-ray,1.98,2023-07-24,,C1-C2,C,AB,2,A:355;B:3,UAA,pdb
8tm9,X-ray,2.05,2023-07-28,,D1-D8,D,AB,8,A:234;B:234,UAA,pdb
8w6z,X-ray,2.20,2023-08-30,,B1-B10,B,A,10,A:428,UAA,mmCIF
8r7u,X-ray,1.2,2023-11-27,,C1-C11;D1-D11,CD,AB,11,A:213;B:213,UAA,pdb
8r7t,X-ray,1.2,2023-11-27,,C1-C11;D1-D11,CD,AB,11,A:213;B:213,UAA,pdb
8r7s,X-ray,1.17,2023-11-27,,C1-C11;D1-D11,CD,AB,11,A:213;B:213,UAA,pdb
8xp8,X-ray,1.64,2024-01-03,D3-D7;E3-E7,D1-D8;E1-E8,DE,AB,8,A:7;B:7,UAA,pdb
8xpb,X-ray,2.0,2024-01-03,D3-D7;E3-E7,D1-D8;E1-E8,DE,AB,8,A:7;B:7,UAA,pdb
8vx7,X-ray,2.75,2024-02-03,,C1-C8,C,AB,8,A:162;B:162,UAA,pdb
8ys7,X-ray,3.24,2024-03-22,E3-E7;A3-A7,E1-E8;A1-A8,AE,BCDIKL,8,B:8;C:7;D:11;I:11;K:8;L:7,UAA,pdb
8zeb,X-ray,1.95,2024-05-05,,D1-D15;C1-C15,CD,AB,15,A:141;B:141,UAA,pdb
9cdz,X-ray,1.72,2024-06-25,,B1-B16;D1-D16,BD,AC,16,A:108;C:108,UAA,pdb
9din,X-ray,1.64,2024-09-05,,C1-C7,C,A,7,A:158,UAA,mmCIF
